{"isStage":false,"name":"Sprite1","variables":{},"lists":{},"broadcasts":{},"blocks":{"WLx-nppfnLJVK9B7y)%j":{"opcode":"argument_reporter_boolean","next":null,"parent":null,"inputs":{},"fields":{"VALUE":["is compiled?",null]},"shadow":false,"topLevel":true,"x":276,"y":107},"FF:MXz8~$0o{xK]~;_ba":{"opcode":"tw_getLastKeyPressed","next":null,"parent":null,"inputs":{},"fields":{},"shadow":false,"topLevel":true,"x":276,"y":193},".kuG|b9TYNG#g*`J@VN~":{"opcode":"tw_getButtonIsDown","next":null,"parent":null,"inputs":{"MOUSE_BUTTON":[1,"w{T,i}lB{dFXQrN,PJ66"]},"fields":{},"shadow":false,"topLevel":true,"x":219,"y":276},"w{T,i}lB{dFXQrN,PJ66":{"opcode":"tw_menu_mouseButton","next":null,"parent":".kuG|b9TYNG#g*`J@VN~","inputs":{},"fields":{"mouseButton":["0",null]},"shadow":true,"topLevel":false}},"comments":{},"currentCostume":0,"costumes":[{"assetId":"14e46ec3e2ba471c2adfe8f119052307","name":"costume1","bitmapResolution":1,"md5ext":"14e46ec3e2ba471c2adfe8f119052307.svg","dataFormat":"svg","rotationCenterX":0,"rotationCenterY":0}],"sounds":[],"volume":100,"visible":true,"x":0,"y":0,"size":100,"direction":90,"draggable":false,"rotationStyle":"all around"}